{
  "predictions": [
    {
      "x": 957.80859375,
      "y": 887.5457763671875,
      "width": 362.466064453125,
      "height": 151.18524169921875,
      "confidence": 0.9143249988555908,
      "class": "event-box",
      "class_id": 0
    },
    {
      "x": 590.4393920898438,
      "y": 887.6778564453125,
      "width": 358.4636535644531,
      "height": 151.27313232421875,
      "confidence": 0.9136857390403748,
      "class": "event-box",
      "class_id": 0
    },
    {
      "x": 1322.8974609375,
      "y": 887.8909912109375,
      "width": 360.2828369140625,
      "height": 152.28460693359375,
      "confidence": 0.9114453792572021,
      "class": "event-box",
      "class_id": 0
    },
    {
      "x": 478.20135498046875,
      "y": 202.03567504882812,
      "width": 136.53732299804688,
      "height": 113.23590087890625,
      "confidence": 0.9053657054901123,
      "class": "event-box",
      "class_id": 0
    }
  ],
  "original_count": 4,
  "filtered_count": 4
}